INSERT INTO public.customer(id, created_at, first_name, last_name, phone, email)
VALUES 
    (1, '2000-01-01 11:00:00', 'Иван', 'Нефедов', '+71234567890', 'example.1@some.site'),
    (2, '2000-01-02 12:00:00', 'Кирилл', 'Иванов', '+71234567891', NULL),
    (3, '2000-01-03 13:00:00', 'Павел', 'Белоусов', '+71234567892', 'example.3@some.site'),
    (4, '2000-01-04 14:00:00', 'Инна', 'Федорова', '+71234567893', NULL),
    (5, '2000-01-05 15:00:00', 'Сергей', 'Олегов', '+71234567894', 'example.5@some.site'),
    (6, '2000-01-06 16:00:00', 'Карина', 'Репина', '+71234567895', 'example.6@some.site'),
    (7, '2000-01-07 17:00:00', 'Дарья', 'Суворова', '+71234567896', 'example.7@some.site');

INSERT INTO
    public.status(id, name)
VALUES
    (1, 'Создан'),
    (2, 'Оформлен'),
    (3, 'Собран'),
    (4, 'В пути'),
    (5, 'Доставлен'),
    (6, 'Отменен'),
    (7, 'Выполнен');

INSERT INTO public."order"(id, created_at, customer_id, manager_id, status_id, is_paid, total_sum, utm_source)
VALUES
(1, '2008-12-26 10:05:29', 3, 12, 7, 'true', 5354, 'earum'),
(2, '2001-03-30 01:13:43', 2, 3, 1, 'true', 87074, 'aut'),
(3, '2001-02-09 14:52:31', 2, 15, 5, 'false', 14390, 'excepturi'),
(4, '2019-09-17 22:10:51', 4, 18, 7, 'true', 39803, 'dignissimos'),
(5, '2006-05-29 23:14:29', 4, 10, 1, 'false', 92978, 'illum'),
(6, '2018-08-26 10:04:19', 6, 14, 7, 'true', 8854, 'dignissimos'),
(7, '2001-03-10 04:35:07', 5, 15, 1, 'true', 57115, 'quae'),
(8, '2014-11-14 19:25:03', 6, 16, 7, 'true', 6698, 'vel'),
(9, '2012-11-25 06:53:24', 1, 12, 5, 'false', 12877, 'vel'),
(10, '2018-09-22 19:18:58', 3, 5, 1, 'true', 58608, 'aut'),
(11, '2005-08-16 18:03:42', 3, 9, 1, 'false', 20077, 'aut'),
(12, '2015-11-13 13:53:15', 7, 14, 1, 'false', 67409, 'molestiae'),
(13, '2017-06-28 21:17:29', 6, 16, 1, 'true', 42375, 'aut'),
(14, '2003-04-16 05:00:05', 7, 4, 4, 'true', 44667, 'molestiae'),
(15, '2013-10-27 04:31:04', 7, 6, 1, 'true', 46026, 'quasi'),
(16, '2021-05-24 22:52:45', 5, 19, 6, 'true', 9292, 'illum'),
(17, '2016-12-13 00:28:29', 4, 20, 7, 'true', 80636, 'illum'),
(18, '2010-09-21 00:57:07', 6, 5, 7, 'true', 93719, 'excepturi'),
(19, '2020-04-13 13:20:18', 1, 14, 6, 'true', 38667, 'qui'),
(20, '2013-09-05 12:06:20', 4, 4, 3, 'true', 44583, 'dignissimos'),
(21, '2007-05-24 12:37:42', 7, 12, 4, 'false', 22223, 'quae'),
(22, '2005-11-30 20:47:23', 1, 5, 1, 'true', 81383, 'aut'),
(23, '2003-10-19 21:51:06', 2, 3, 1, 'true', 41986, 'qui'),
(24, '2005-04-20 19:19:38', 3, 3, 7, 'true', 53760, 'vel'),
(25, '2020-01-23 03:30:21', 5, 7, 6, 'false', 51835, 'vel');

INSERT INTO public.order_history(id, order_id, created_at, field_name, old_value, new_value)
VALUES
(1, 18, '2022-03-20 04:42:19', 'status_id', '1', '6'),
(2, 19, '2022-03-24 17:18:53', 'status_id', '1', '2'),
(3, 11, '2022-03-29 10:52:09', 'total_sum', '84306', '20077'),
(4, 9, '2022-04-04 00:13:55', 'status_id', '1', '3'),
(5, 21, '2022-04-08 10:03:40', 'manager_id', '15', '5'),
(6, 14, '2022-04-12 10:31:57', 'manager_id', '5', '8'),
(7, 14, '2022-04-13 03:45:13', 'is_paid', 'false', 'true'),
(8, 8, '2022-04-17 11:18:27', 'status_id', '1', '4'),
(9, 6, '2022-04-20 01:24:27', 'total_sum', '50434', '45984'),
(10, 24, '2022-04-26 01:28:13', 'status_id', '1', '5'),
(11, 6, '2022-04-27 07:56:01', 'status_id', '1', '6'),
(12, 15, '2022-04-28 04:15:40', 'is_paid', 'false', 'true'),
(13, 19, '2022-05-01 16:18:40', 'manager_id', '15', '14'),
(14, 5, '2022-05-06 09:16:29', 'total_sum', '38997', '92978'),
(15, 7, '2022-05-09 12:18:25', 'is_paid', 'false', 'true'),
(16, 9, '2022-05-10 02:53:25', 'total_sum', '93244', '12877'),
(17, 24, '2022-05-14 18:29:09', 'total_sum', '5001', '53760'),
(18, 22, '2022-05-14 23:12:18', 'total_sum', '20675', '81383'),
(19, 16, '2022-05-18 14:11:29', 'status_id', '1', '4'),
(20, 17, '2022-05-21 21:16:14', 'is_paid', 'false', 'true'),
(21, 10, '2022-05-27 17:53:08', 'is_paid', 'false', 'true'),
(22, 1, '2022-05-30 04:54:51', 'total_sum', '23421', '86240'),
(23, 8, '2022-05-30 16:31:56', 'is_paid', 'false', 'true'),
(24, 7, '2022-06-01 05:18:16', 'total_sum', '76478', '10637'),
(25, 18, '2022-06-04 08:57:52', 'manager_id', '13', '10'),
(26, 17, '2022-06-09 21:24:46', 'total_sum', '92461', '80636'),
(27, 8, '2022-06-12 14:23:15', 'status_id', '4', '7'),
(28, 2, '2022-06-16 14:46:09', 'total_sum', '62495', '87797'),
(29, 1, '2022-06-21 15:11:56', 'status_id', '1', '6'),
(30, 7, '2022-06-26 21:20:21', 'total_sum', '10637', '57115'),
(31, 24, '2022-07-02 02:39:36', 'manager_id', '10', '3'),
(32, 4, '2022-07-07 00:40:20', 'total_sum', '17904', '39803'),
(33, 9, '2022-07-10 10:38:59', 'manager_id', '13', '10'),
(34, 15, '2022-07-15 15:38:14', 'manager_id', '16', '4'),
(35, 2, '2022-07-20 08:42:14', 'total_sum', '87797', '17804'),
(36, 14, '2022-07-21 04:58:26', 'manager_id', '8', '4'),
(37, 9, '2022-07-23 02:16:33', 'status_id', '3', '5'),
(38, 25, '2022-07-24 02:31:08', 'total_sum', '94725', '51835'),
(39, 1, '2022-07-24 18:19:04', 'is_paid', 'false', 'true'),
(40, 21, '2022-07-29 11:52:37', 'manager_id', '5', '20'),
(41, 6, '2022-08-01 17:26:18', 'is_paid', 'false', 'true'),
(42, 8, '2022-08-07 10:26:10', 'total_sum', '33188', '6698'),
(43, 10, '2022-08-09 06:48:26', 'manager_id', '6', '3'),
(44, 6, '2022-08-15 07:25:26', 'status_id', '6', '7'),
(45, 2, '2022-08-16 15:52:32', 'total_sum', '17804', '87074'),
(46, 17, '2022-08-19 01:00:38', 'status_id', '1', '4'),
(47, 19, '2022-08-19 14:13:07', 'status_id', '2', '5'),
(48, 15, '2022-08-21 06:30:31', 'manager_id', '4', '5'),
(49, 10, '2022-08-25 13:05:40', 'manager_id', '3', '5'),
(50, 2, '2022-08-25 13:36:07', 'is_paid', 'false', 'true'),
(51, 16, '2022-08-30 13:52:50', 'total_sum', '19704', '9292'),
(52, 24, '2022-09-01 14:41:41', 'is_paid', 'false', 'true'),
(53, 17, '2022-09-07 04:02:01', 'status_id', '4', '7'),
(54, 24, '2022-09-09 10:39:35', 'status_id', '5', '7'),
(55, 20, '2022-09-13 12:15:23', 'total_sum', '60824', '44583'),
(56, 18, '2022-09-18 00:31:34', 'manager_id', '10', '5'),
(57, 4, '2022-09-23 01:51:04', 'manager_id', '16', '18'),
(58, 19, '2022-09-23 04:27:14', 'is_paid', 'false', 'true'),
(59, 21, '2022-09-26 02:19:28', 'manager_id', '20', '3'),
(60, 23, '2022-09-30 06:14:36', 'manager_id', '8', '3'),
(61, 3, '2022-10-01 18:46:47', 'status_id', '1', '5'),
(62, 6, '2022-10-03 07:53:12', 'manager_id', '13', '7'),
(63, 4, '2022-10-04 00:52:01', 'is_paid', 'false', 'true'),
(64, 13, '2022-10-04 11:13:12', 'is_paid', 'false', 'true'),
(65, 18, '2022-10-09 04:51:53', 'is_paid', 'false', 'true'),
(66, 6, '2022-10-14 14:19:30', 'manager_id', '7', '9'),
(67, 9, '2022-10-20 11:13:22', 'manager_id', '10', '12'),
(68, 7, '2022-10-23 14:14:39', 'manager_id', '5', '20'),
(69, 25, '2022-10-24 06:43:00', 'status_id', '1', '6'),
(70, 19, '2022-10-28 08:55:08', 'total_sum', '28082', '38667'),
(71, 6, '2022-10-30 18:55:23', 'total_sum', '45984', '21411'),
(72, 18, '2022-11-04 15:36:28', 'status_id', '6', '7'),
(73, 21, '2022-11-05 16:21:50', 'status_id', '1', '4'),
(74, 3, '2022-11-10 21:52:44', 'manager_id', '17', '15'),
(75, 1, '2022-11-12 15:26:26', 'total_sum', '86240', '3242'),
(76, 22, '2022-11-13 04:37:33', 'is_paid', 'false', 'true'),
(77, 2, '2022-11-15 23:29:40', 'manager_id', '18', '3'),
(78, 1, '2022-11-18 18:13:41', 'status_id', '6', '7'),
(79, 20, '2022-11-19 16:59:40', 'status_id', '1', '3'),
(80, 16, '2022-11-21 05:58:01', 'is_paid', 'false', 'true'),
(81, 19, '2022-11-25 09:22:46', 'status_id', '5', '6'),
(82, 4, '2022-11-30 14:21:14', 'status_id', '1', '7'),
(83, 18, '2022-12-04 02:45:01', 'total_sum', '96236', '49893'),
(84, 21, '2022-12-07 08:58:03', 'manager_id', '3', '12'),
(85, 15, '2022-12-10 13:22:21', 'total_sum', '27770', '55659'),
(86, 23, '2022-12-16 13:18:53', 'is_paid', 'false', 'true'),
(87, 6, '2022-12-21 01:09:47', 'manager_id', '9', '13'),
(88, 15, '2022-12-22 10:59:53', 'manager_id', '5', '6'),
(89, 14, '2022-12-27 21:15:29', 'status_id', '1', '4'),
(90, 1, '2022-12-29 16:56:25', 'total_sum', '3242', '5354'),
(91, 6, '2022-12-31 07:24:18', 'total_sum', '21411', '8854'),
(92, 8, '2023-01-03 12:47:50', 'manager_id', '14', '12'),
(93, 8, '2023-01-08 23:30:59', 'manager_id', '12', '16'),
(94, 20, '2023-01-13 18:28:03', 'is_paid', 'false', 'true'),
(95, 18, '2023-01-18 18:33:00', 'total_sum', '49893', '93719'),
(96, 6, '2023-01-20 17:36:40', 'manager_id', '13', '14'),
(97, 23, '2023-01-22 17:08:30', 'total_sum', '62459', '41986'),
(98, 7, '2023-01-26 04:52:41', 'manager_id', '20', '15'),
(99, 16, '2023-01-30 04:42:28', 'status_id', '4', '6'),
(100, 15, '2023-02-04 18:40:44', 'total_sum', '55659', '46026');

INSERT INTO
    public.customer_visit(
        id,
        customer_id,
        created_at,
        visit_length,
        landing_page,
        exit_page,
        utm_source
    )
VALUES
    (1,  4, '2001-07-04 14:42:08', 96, 'http://schroeder.org/reiciendis-commodi-ratione-expedita-voluptas-et.html', 'http://jaskolski.com/', 'iure'),
    (2,  5, '2002-03-02 09:30:10', 83, 'https://berge.com/tempora-eos-dolorum-amet-fuga-impedit-est-libero.html', 'https://www.runolfsdottir.com/deleniti-eligendi-eos-voluptas-voluptas-ut-magni-porro-rerum', 'aut'),
    (3,  3, '2002-06-30 21:50:17', 93, 'http://miller.com/', 'http://www.yost.com/', 'molestiae'),
    (4,  5, '2003-04-07 08:01:05', 49, 'http://roberts.info/tempore-hic-ut-sapiente-modi-earum', 'http://www.champlin.biz/voluptatem-enim-voluptatem-maiores-eius-dolores', 'aut'),
    (5,  1, '2004-01-11 01:45:04', 39, 'http://kreiger.org/nemo-non-aut-occaecati-ut-ab-totam-occaecati', 'http://www.wilkinson.com/atque-esse-eos-officiis-doloremque-deserunt-temporibus', 'ut'),
    (6,  6, '2004-01-11 10:02:21', 42, 'http://www.crona.com/magnam-consequatur-aut-quos-nulla', 'http://cormier.net/rem-nemo-atque-non-facilis-labore', 'sint'),
    (7,  4, '2004-02-17 02:45:00', 70, 'http://hermiston.com/suscipit-qui-consequatur-fugiat-amet-non-provident', 'http://www.farrell.com/', 'aut'),
    (8,  4, '2004-02-20 10:11:27', 21, 'https://johnson.biz/itaque-labore-et-esse-aspernatur-corporis-consequatur-earum-vel.html', 'http://www.kozey.net/vitae-odio-voluptatem-ullam', 'dignissimos'),
    (9,  7, '2004-03-11 15:57:36', 11, 'http://www.osinski.com/', 'http://www.okuneva.org/', 'sint'),
    (10, 1, '2004-03-25 02:08:23', 65, 'http://lehner.net/quos-quisquam-et-exercitationem-quisquam-et-ratione', 'http://eichmann.org/doloribus-et-ea-et-aut-dolor-illum', 'quasi'),
    (11, 7, '2004-04-23 00:46:11', 35, 'http://www.marks.com/', 'http://www.howell.com/', 'vel'),
    (12, 3, '2004-05-01 19:47:15', 58, 'http://www.mckenzie.net/quam-fuga-libero-ad-velit-neque-sit-impedit.html', 'https://kling.com/est-consectetur-facere-voluptatem-aliquid-officiis-est-dolor-quo.html', 'earum'),
    (13, 3, '2004-05-20 20:26:03', 76, 'http://skiles.biz/inventore-dicta-et-et-aspernatur-veritatis-aliquam', 'http://www.funk.net/possimus-eveniet-molestiae-vel-et-fuga-velit', 'alias'),
    (14, 5, '2004-05-24 23:28:48', 91, 'http://www.kilback.com/', 'https://www.kunze.info/molestiae-nihil-sunt-rem-expedita-mollitia-ullam-error', 'id'),
    (15, 1, '2004-06-09 09:54:50', 55, 'http://www.nikolaus.com/accusantium-dignissimos-voluptatem-facere-ipsam', 'http://www.cormier.com/quo-molestiae-consequatur-possimus-aut-qui-expedita-debitis', 'qui'),
    (16, 6, '2004-06-09 10:58:53', 81, 'http://www.moore.net/sunt-architecto-voluptas-velit-rerum-ea-blanditiis', 'https://schimmel.com/aut-expedita-expedita-officia-ratione-distinctio-asperiores.html', 'illum'),
    (17, 6, '2004-06-26 01:14:14', 89, 'http://brakus.com/sunt-facere-in-omnis-sunt.html', 'http://wisoky.com/ut-quis-beatae-ea-mollitia-laboriosam-qui.html', 'et'),
    (18, 2, '2004-07-05 10:29:21', 50, 'http://simonis.com/enim-nihil-omnis-voluptas-reprehenderit-eum-sunt-omnis', 'http://www.dooley.com/', 'excepturi'),
    (19, 5, '2004-08-22 07:06:01', 30, 'http://mohr.com/ut-autem-et-fugit-aut-perspiciatis-et-eos.html', 'http://www.ryan.com/accusantium-dicta-a-illo', 'quae'),
    (20, 4, '2004-08-23 14:42:11', 41, 'http://vonrueden.com/qui-et-ipsa-voluptas-dicta-doloremque', 'https://www.kilback.biz/nihil-nemo-dolorem-et-dolores', 'sum');

INSERT INTO public.customer_visit_page(
	id, 
    visit_id, 
    page, 
    time_on_page
)
VALUES 
    (1,  4, 'http://auer.com/', 4), 
    (2,  5, 'http://koelpin.com/omnis-adipisci-iste-itaque-ut-et-rerum-enim-cupiditate.html', 4), 
    (3,  3, 'http://wehner.biz/et-eius-est-nihil-velit-sit-deserunt-vero-necessitatibus.html', 4), 
    (4,  5, 'http://doyle.com/magni-illo-enim-consequuntur-consequatur-adipisci-et-et-ut', 1), 
    (5,  1, 'http://powlowski.net/expedita-hic-itaque-provident-sit', 6), 
    (6,  6, 'https://www.barrows.com/unde-et-et-pariatur-soluta-facere', 7), 
    (7,  4, 'http://www.kuphal.com/dolorem-quaerat-soluta-vel', 2), 
    (8,  4, 'https://feil.com/itaque-et-soluta-maxime-occaecati.html', 8), 
    (9,  7, 'https://www.towne.com/culpa-qui-non-consequatur-optio-ab-animi', 9), 
    (10, 1, 'http://paucek.org/', 2), 
    (11, 14, 'http://www.toy.biz/earum-repellendus-minus-necessitatibus-officia.html', 8), 
    (12, 15, 'https://toy.com/omnis-aliquid-inventore-dolor-totam-laboriosam-aspernatur.html', 2), 
    (13, 13, 'https://mills.org/eum-eos-omnis-eos-voluptas-est-rerum.html', 3), 
    (14, 15, 'http://cummings.org/autem-harum-ab-accusamus-omnis-soluta-facere-quos', 6), 
    (15, 10, 'https://kirlin.com/id-ducimus-expedita-quas-molestiae-ad-facere-rerum-saepe.html', 2), 
    (16, 16, 'http://conn.org/', 6), 
    (17, 14, 'https://www.feil.com/omnis-et-ea-esse', 2), 
    (18, 14, 'http://legros.com/cum-rerum-nemo-sit-et-ea-quia', 8), 
    (19, 17, 'http://mayert.org/maiores-deserunt-corrupti-animi-est-ut', 2), 
    (20, 10, 'http://aufderhar.org/molestiae-culpa-consequatur-eveniet-vel-tempore-amet', 2), 
    (21, 7, 'http://mann.com/qui-laborum-aut-aut-doloremque-rerum', 7), 
    (22, 3, 'http://www.schuppe.com/earum-quisquam-molestiae-qui-ut-aut', 3), 
    (23, 3, 'https://nolan.info/iure-quisquam-enim-aspernatur-eos-expedita-consequatur-non.html', 7), 
    (24, 5, 'http://www.boehm.com/dicta-voluptate-sit-quis-qui-laudantium-est-eos.html', 9), 
    (25, 1, 'http://www.gislason.com/qui-dolores-aliquam-omnis-fuga-et-accusamus', 9), 
    (26, 20, 'http://www.mitchell.org/', 6), 
    (27, 6, 'http://www.prohaska.info/et-maxime-id-voluptatem-ipsa-quis', 3), 
    (28, 2, 'http://breitenberg.com/', 9), 
    (29, 5, 'http://reichert.com/beatae-illo-culpa-eum-sed-iusto-rerum-voluptates-mollitia', 8), 
    (30, 4, 'http://bauch.com/', 7), 
    (31, 17, 'http://reichert.com/accusamus-harum-tempora-consequatur-perspiciatis-modi-quibusdam-sed.html', 1), 
    (32, 13, 'http://www.windler.com/illo-harum-occaecati-quae-qui', 9), 
    (33, 13, 'http://wilkinson.biz/', 8), 
    (34, 15, 'http://www.schaefer.com/', 1), 
    (35, 20, 'http://gorczany.net/at-fuga-recusandae-ea-molestiae-non.html', 7), 
    (36, 16, 'http://www.kuhic.info/', 5), 
    (37, 16, 'http://www.ullrich.com/veritatis-iste-iste-numquam-veniam-delectus-perferendis.html', 1), 
    (38, 12, 'http://www.vonrueden.net/fugit-aut-quod-minus-excepturi', 7), 
    (39, 15, 'http://www.sauer.com/rerum-odio-eum-veniam-tenetur-porro-iure-cumque-fugit.html', 9), 
    (40, 14, 'http://powlowski.com/possimus-officia-aut-nemo-ipsa-unde-est', 6), 
    (41, 7, 'http://www.purdy.info/eaque-ut-et-qui-sed-doloremque-dolores-recusandae-eum', 2), 
    (42, 3, 'http://robel.biz/odio-neque-non-laborum-voluptate', 8), 
    (43, 3, 'https://kautzer.com/dolores-iusto-non-nisi-ut-corporis.html', 2), 
    (44, 5, 'http://abshire.com/repellendus-eius-natus-ad-error-quo-rerum', 2), 
    (45, 1, 'http://beahan.com/saepe-beatae-tempora-unde-consequatur-magni', 2), 
    (46, 20, 'http://www.gleichner.com/', 7), 
    (47, 6, 'http://www.bartoletti.com/est-enim-quo-velit-laudantium-suscipit-aperiam-nihil-unde', 2), 
    (48, 2, 'http://www.hauck.net/', 4), 
    (49, 5, 'https://hackett.com/commodi-ut-minus-dicta-quibusdam.html', 2), 
    (50, 4, 'http://rippin.biz/commodi-amet-optio-ipsa-sunt.html', 4), 
    (51, 17, 'http://www.durgan.com/qui-eos-consectetur-doloribus-qui-ullam.html', 2), 
    (52, 13, 'http://www.pfeffer.org/', 4), 
    (53, 13, 'http://www.raynor.com/quos-provident-voluptate-molestiae-impedit-tempora-esse-qui', 4), 
    (54, 15, 'http://kunde.info/quaerat-et-ut-commodi-eligendi-sint-illo', 1), 
    (55, 20, 'http://heathcote.org/et-eos-ut-et-eos-dolor', 2), 
    (56, 16, 'http://www.willms.com/suscipit-quam-numquam-corporis-cumque', 9), 
    (57, 16, 'http://batz.com/recusandae-similique-consequatur-quaerat-non-cupiditate-quis', 7), 
    (58, 12, 'http://www.schimmel.com/rem-deserunt-exercitationem-est-ad-tempore-amet-pariatur', 1), 
    (59, 15, 'https://www.bruen.com/suscipit-omnis-illum-sint-sit-distinctio-totam', 3), 
    (60, 14, 'http://will.com/ut-est-est-voluptatem-qui-rerum-omnis-sed', 5), 
    (61, 1, 'https://upton.com/aut-quod-sit-sed-et-autem-adipisci-autem.html', 2), 
    (62, 20, 'http://www.sipes.com/tempora-ut-quasi-voluptatem-dolores', 2), 
    (63, 6, 'http://www.satterfield.com/', 8), 
    (64, 2, 'http://oconnell.com/repellat-incidunt-minus-neque', 5), 
    (65, 5, 'http://dare.biz/eveniet-repudiandae-totam-culpa-cupiditate-aut.html', 8), 
    (66, 4, 'http://www.connelly.net/non-asperiores-ut-dolorem-sunt-sed-saepe', 1), 
    (67, 17, 'https://johns.org/vel-laborum-ut-velit-voluptas-repudiandae-consectetur-praesentium.html', 4), 
    (68, 13, 'http://www.harvey.org/et-debitis-est-dolores-fuga-minima-et', 2), 
    (69, 13, 'http://www.boyle.com/', 6), 
    (70, 15, 'http://www.gutmann.net/quia-fugiat-est-porro-sunt-velit-dicta-dolorem.html', 7); 

